{ 
    "development": {
       "port": 8080,
       "database" : {
          "host"     : "localhost",
          "user"     : "root", "password" : "password",
          "database" : "newSchema"
       }
    },
    "dev-uwe": {
       "port": 8080,
       "database" : {
          "host"     : "localhost",
          "user"     : "root", "password" : "password",
          "database" : "newSchema"
       }
    },
    "test": {
       "database" : {
          "host"     : "localhost",
          "user"     : "root", "password" : "password",
          "database" : "newSchema"
       }         
    },
    "production" : {
       "port": 8080,
       "database" : {
          "host"     : "localhost",
          "user"     : "root", "password" : "password",
          "database" : "newSchema"
       }
    }
 }

 